{"cameraMode":{"drawMode":0,"name":"Shaded","section":"Shading Mode"},"sceneLighting":false,"audioPlay":false,"sceneViewState":{"showFog":true,"showMaterialUpdate":false,"showSkybox":true,"showFlares":true,"showImageEffects":true,"showParticleSystems":true},"in2DMode":false,"pivot":{"x":-1681.181640625,"y":977.4952392578125,"z":-1085.6868896484375},"rotation":{"x":-0.048672303557395938,"y":0.737076997756958,"z":-0.05339092016220093,"w":-0.6719357967376709},"size":53.20581817626953,"orthographic":false}