{"cameraMode":{"drawMode":0,"name":"Shaded","section":"Shading Mode"},"sceneLighting":true,"audioPlay":false,"sceneViewState":{"showFog":true,"showMaterialUpdate":false,"showSkybox":true,"showFlares":true,"showImageEffects":true,"showParticleSystems":true},"in2DMode":false,"pivot":{"x":-1709.8111572265625,"y":964.5755004882813,"z":-1107.537109375},"rotation":{"x":-0.07635321468114853,"y":0.7526974081993103,"z":-0.08870589733123779,"w":-0.6478803157806397},"size":99.82804107666016,"orthographic":false}