{"cameraMode":{"drawMode":0,"name":"Shaded","section":"Shading Mode"},"sceneLighting":true,"audioPlay":false,"sceneViewState":{"showFog":true,"showMaterialUpdate":false,"showSkybox":true,"showFlares":true,"showImageEffects":true,"showParticleSystems":true},"in2DMode":false,"pivot":{"x":369.01507568359377,"y":257.27081298828127,"z":806.580078125},"rotation":{"x":-0.056969303637742999,"y":-0.000009433986633666791,"z":0.0000017129857496911428,"w":-0.9983766078948975},"size":1492.6031494140625,"orthographic":false}