{"cameraMode":{"drawMode":0,"name":"Shaded","section":"Shading Mode"},"sceneLighting":true,"audioPlay":false,"sceneViewState":{"showFog":true,"showMaterialUpdate":false,"showSkybox":true,"showFlares":true,"showImageEffects":true,"showParticleSystems":true},"in2DMode":false,"pivot":{"x":905.6366577148438,"y":509.1580810546875,"z":9.901915550231934},"rotation":{"x":0.08524232357740402,"y":-0.05975453555583954,"z":-0.005120279733091593,"w":-0.9945545196533203},"size":56.02560043334961,"orthographic":false}