{"cameraMode":{"drawMode":0,"name":"Shaded","section":"Shading Mode"},"sceneLighting":false,"audioPlay":false,"sceneViewState":{"showFog":true,"showMaterialUpdate":false,"showSkybox":true,"showFlares":true,"showImageEffects":true,"showParticleSystems":true},"in2DMode":false,"pivot":{"x":-1678.5755615234375,"y":977.7638549804688,"z":-1091.9404296875},"rotation":{"x":-0.11399605125188828,"y":-0.6304495334625244,"z":0.09431610256433487,"w":-0.7619990110397339},"size":11.291549682617188,"orthographic":false}